Level,Number,year2014,year2015,year2016,year2017,year2018,year2019
1,1,"Airplane
飛行機","Spike
とめけん","Airplane
飛行機","Spike
とめけん","Spike
スパイク","Base cup
中皿"
1,2,"Swing spike
ふりけん","Airplane
飛行機","Spike
とめけん","Airplane
飛行機","Airplane
飛行機","Airplane
飛行機"
1,3,"Around Japan
日本一周","Around Japan
日本一周","Around Japan
日本一周","Around Japan
日本一周","Big cup, Spike
村一周","Easy big cup, Spike
手のせ大皿～けん"
1,4,"Around the world
世界一周","Big cup, Orbit, Spike
大皿～つばめ返し～けん","Trapeze
空中ブランコ","Trapeze
空中ブランコ","Trapeze
空中ブランコ","Trapeze
空中ブランコ"
1,5,"Trapeze
空中ブランコ","Trapeze
空中ブランコ","Big cup, Orbit, Spike
大皿～つばめ返し～けん","Moshikame x11
もしかめ１１回","Big cup, Orbit, Spike
大皿～つばめ返し～けん","Takoyaki
たこやき"
1,6,"Baseball, Cup
野球～皿","Flying Top
たけとんぼ","Big cup, Arm bounce,
Big cup
大皿～アームリフト
～大皿","Baseball
野球","Baseball
野球","Baseball
野球"
1,7,"Big cup, Knee bounce,
Big cup
大皿～
リフティング大皿","Big cup, Knee bounce,
Big cup
大皿～リフティング大皿","Tama grip, Throw to big cupず～まスロー大皿","Big cup, Kneebounce big cup大皿～リフティング大皿","Big cup, Kneebounce big cup大皿～リフティング大皿","Spike
スパイク"
1,8,"Big cup, Orbit, Spike
大皿～つばめ返し～けん","Penguin base cup
ペンギン中皿","Flying pan, Spike
フライパン～けん","Scooping goldfish
金魚すくい","Candle block
ろうそく一周","Easy big cup, Hopscotch x 2
手のせ大皿 けんけんぱ２回"
1,9,"Flying top
たけとんぼ","Scooping goldfish
金魚すくい","Scooping goldfish
金魚すくい","Candle block
ろうそく皿一周","Hanging double clap catch
ダブル手拍子つるし持ち","Hanging clap catch
手拍子つるし持ち"
1,10,"Moshi x11
もしかめ１１回","Moshi x11
もしかめ１１回","Moshi x11
もしかめ 11 回","Big cup, Orbit, Spike
大皿～つばめ返し～けん","Moshikame x 11
もしかめ１１回","Moshikame x 11
もしかめ１１回"
2,1,"1-turn airplane
１回転飛行機","Swing spike, Earth turn
地球まわし","Jumping stick
はねけん","Gunslinger spike
風車けん","Gunslinger spike
風車けん","Frying pan, Spike
フライパン～けん"
2,2,"Swing spike, Earth turn
地球まわし","J-stick
はねけん","Swing spike, Earth turn
地球まわし","Jumping stick
はねけん","Jumping stick
はねけん","Jumping stick
はねけん"
2,3,"Scrambled airplane
スクランブル飛行機","Around Europe
ヨーロッパ一周","Around Europe
ヨーロッパ一周","Around Europe
ヨーロッパ一周","Around Japan
日本一周","Around Japan
日本一周"
2,4,"J-stick
はねけん","Tama grip, Throw to big cup, Spike
ず～まスロー大皿～けん","Turntable, Spike
ターンテーブル～けん","Swing spike, Earth turn
地球まわし","Swing spike, Earth turn
地球まわし","Earth turn
地球まわし"
2,5,"Bird, Spike
うぐいす～けん","Kenflip big cup, Spike
けんフリップ大皿～けん","Kenflip big cup, Spike
けんフリップ大皿～けん","Base cup hanging spike
中皿つるしとめけん","Stuntplane
すくいけん","Stuntplane
すくいけん"
2,6,"Tap in
灯台かえし","Hanging spike
つるしとめけん","Bird, 1 turn spike
うぐいす～回転けん","Kenflip big cup, Spike
けんフリップ大皿～けん","Kenflip big cup, Spike
けんフリップ大皿～けん","Spike, Flying top
スパイク～たけとんぼ"
2,7,"Stuntplane
すくいけん","Bird, Spike
うぐいす～けん","Lighthouse, Falling in
灯台～さかおとし","Underbird, Spike
アンダーバード～けん","Finger solar flare, Spike
てんとう虫～けん","Hanging spike
つるしとめけん"
2,8,"Hanging spike
つるしとめけん","Lighthouse, Falling in
灯台～さかおとし","Flying V, Airplane
ブリッジ～飛行機","Lighthouse, Falling in
灯台～さかおとし","Lighthouse, Falling in
灯台～さかおとし","Lighthouse, Falling in
灯台～さかおとし"
2,9,"Lighthouse, Falling in
灯台～さかおとし","Stuntplane
すくいけん","Stuntplane
すくいけん","Stuntplane
すくいけん","Penguin base cup,
Spike
ペンギン中皿～けん","Base cup,
Rising dragon spike
秘竜のぼりけん"
2,10,"Downspike
ダウンスパイク","Airplane, Base cup,
Downspike
飛行機～中皿～ダウンスパイク","Airplane, Base cup,
Downspike
飛行機～中皿～ダウンスパイク","Downspike
ダウンスパイク","Downspike
ダウンスパイク","Downspike
ダウンスパイク"
3,1,"Spacewalk
宇宙遊泳","Gunslinger spike
風車ふりけん",Swirl to airplane (Ken grip start)らせん飛行機,"Shimma special
新間スペシャル","Candle, Spike
ろうそく返し","Big cup, Kenflip big cup,
Spike
大皿～けんフリップ大皿
～けん"
3,2,"Gunslinger spike
風車ふりけん",Swirl to airplane (Ken grip start)らせん飛行機,"Gunslinger spike
風車ふりけん","UFO
飛行機～ＵＦＯ","Spacewalk
宇宙遊泳","Half spacewalk
半宇宙遊泳"
3,3,"Turntable, Spike
ターンテーブル
～けん","Around USA
ＵＳＡ一周","UFO
飛行機～ＵＦＯ","Pinky spike, 1 turn spike
小指姫～回転けん","Around Europe
ヨーロッパ一周","Around Europe
ヨーロッパ一周"
3,4,"Big cup, Airplane in
大皿さかおとし","Swing spike, Whirlwind
ふりけん～
けんフリップ地球まわし","Spacewalk
宇宙遊泳","Swing spike, Whirlwind
ふりけん～ ワールウィンド","Whirlwind
ワールウィンド","Whirlwind
ワールウィンド"
3,5,"Lighthouse, Tap flip in
灯台～タップ１回転さかおとし","Big cup, Juggle big cup,
Spike
大皿～ジャグル大皿～けん","Swing spike, Whirlwind
ふりけん～ ワールウィンド","Juggle big cup, Spike
ジャグル大皿～けん","Juggle big cup, Spike
ジャグル大皿～けん","Juggle big cup, Spike
ジャグル大皿～けん"
3,6,"Airplane,
Tap reverse flip in
飛行機～タップうら １回転はねけん","Nunchack airplane
ヌンチャク飛行機","Juggle big cup, Spike
ジャグル大皿～けん","Ghost lighthouse,
Falling in
ゴースト灯台
～さかおとし","Base cup hanging lighthouse, Falling in
中皿つるし灯台
～さかおとし","1 turn lighthouse, Tradespike        １回転灯台～けん"
3,7,"Big cup, Kenflip big cup, Spike
大皿～けんフリップ大皿
～けん","Turntable, Spike
ターンテーブル～けん","Lighthouse, Downspike
灯台～ダウンスパイク","Turntable, Spike
ターンテーブル～けん","Bird, 1 turn spike
うぐいす～回転けん","Bird, 1 turn spike
うぐいす～回転けん"
3,8,"Lighthouse, Tradespike
灯台～とめけん","Candle, Spike
ろうそく返し","Lunar, Flip in
月面着陸～         １回転さかおとし","Lunar, Flip in
月面着陸～         １回転さかおとし","Lunar, Flip in
月面着陸～         １回転さかおとし","Lunar, Flip in
月面着陸～         １回転さかおとし"
3,9,"Lighthouse flip,
Falling in
灯台とんぼ返り～さかおとし","UFO
飛行機～ＵＦＯ","Cat jumping stick
招き猫はねけん","Spacewalk
宇宙遊泳","Turntable, Spike
ターンテーブル～けん","Turntable, Spike
ターンテーブル～けん"
3,10,"Airplane, Base cup,
Downspike
飛行機～中皿～ダウンスパイク","Lunar, Flip in
月面着陸～         １回転さかおとし","Downspike, Down earth
地獄ぐるま","Airplane, Base cup,
Downspike
飛行機～中皿～ダウンスパイク","Airplane, Base cup,
Downspike
飛行機～中皿
～ダウンスパイク","Airplane, Base cup,
Downspike
レジェンド"
4,1,"Airplane, Double inward J-stick
飛行機～           ２回転うらはねけん","1-turn lighthouse, Inward flip stuntplane
１回転灯台～
うら１回転すくいけん","Airplane,
1.5 turn tradespike
飛行機～
1.5 回転とめけん","Sweets special
スイーツスペシャル","Lightning drop swap spike
稲妻おとし１回転とめけん","Sweets special
スイーツスペシャル"
4,2,"Swing spike, Whirlwind
ふりけん～けんフリップ地球まわし","Super flamingo spacewalk
スーパーフラミンゴ宇宙遊泳","Spacewalk swap spike
宇宙遊泳１回転とめけん","Spacewalk 1 turn airplane
宇宙遊泳１回転飛行機","2 turn airplane
２回転飛行機","Downspike fasthand,
Jumping stick
ダウンスパイクファストハンド
～はねけん"
4,3,"Mooncircle
円月殺法","Handlestall, Spike
中皿極意～けん","Stuntplane fasthand penguin,
Penguin earth turn
かぶせペンギン
～ペンギン地球まわし","Around USA
ＵＳＡ一周","Around USA
ＵＳＡ一周","Around USA
ＵＳＡ一周"
4,4,"Stilt, Flip in
たけうま～          １回転さかおとし","Stilt, Flip in
たけうま～         １回転さかおとし","Spacewalk handroll spike
宇宙遊泳扇風機ふりけん","Swing spike, Double whirlslinger
ふりけん～                  ２回転風車地球まわし","Airplane,
1.5 turn swap spike
飛行機～ １．５回転とめけん","Airplane,
1.5 turn swap spike
飛行機～ １．５回転とめけん"
4,5,"Airplane, Half flip spike
飛行機～
半フリップとめけん","Lighthouse flip,
Tradespike
灯台とんぼ返り～けん","Swing spike, Double whirlwind
ふりけん～                  ２回転ワールウィンド","Airplane,
1.5 turn tradespike
飛行機～ １．５回転とめけん","Juggle spike
ジャグルとめけん","Juggle spike
ジャグルとめけん"
4,6,"Lunar, Flip in
月面着陸～    １回転さかおとし","Underbird, Falling in
アンダーバード～さかおとし","Handlestall, 1 turn spike
中皿極意～回転けん","1 turn tap reverse 1 turn falling in
１回転タップリバース １回転さかおとし","Flying V, 1 turn airplane
ブリッジ～１回転飛行機",Swirl to airplane (Ken grip start)らせん飛行機
4,7,"Big cup, Juggle big cup,
Spike
大皿～ジャグリング大皿
～けん","Kenflip bird, Spike
けんフリップうぐいす
～けん","Scramble 1 turn lighthouse, Tradespike
スクランブル１回転灯台
～けん","Bird, 1 turn over the valley, 1 turn spike
うぐいす～回転谷渡り～回転けん","Candle grip underbird,
Spike
ろうそくアンダーバード
～けん","Underbird, Falling in
アンダーバード
～さかおとし"
4,8,"U.F.O.
飛行機～横はねけん","Spacewalk swap spike
宇宙遊泳１回転とめけん","Lunar flip, Flip in
月面とんぼ返り～ １回転さかおとし","Lunar, Tradespike
月面着陸～けん","Stilt, Tradespike
たけうま～けん","Stilt, Downspike
たけうま
～ダウンスパイク"
4,9,"Spacewalk handroll spike
扇風機～ふりけん","Airplane, Whirlpool spike
飛行機～うずしおとめけん","1 turn stuntplane fasthand
１回転かぶせけん","Stilt, Flip in
たけうま～         １回転さかおとし","Sara grip big cup, Orbit penguin big cup,
Grip change spike
皿グリップ大皿～     つばめ返しペンギン大皿～
グリップチェンジけん","Handlestall, 1 turn spike
中皿極意～回転けん"
4,10,"Hanging downspike
つるしダウンスパイク","Downspike, Down earth
地獄ぐるま","Stilt, Downspike
たけうま～ダウンスパイク","Lighthouse, Downspike
灯台～ダウンスパイク","Lighthouse, Stuntplane
灯台～すくいけん","1 turn lighthouse, Penguin spike
１回転灯台
～ペンギンけん"
5,1,"Airplane, Base cup,
Airplane in
飛行機～ 中皿さかおとし","Spacewalk handroll kenflip spike
宇宙遊泳～扇風機～ けんフリップふりけん","Airplane,
1.5 turn tap reverse 1 turn jumping stick
飛行機～ 1.5 回転タップうら１回転はねけん","Lightening drop swap spike
稲妻おとし１回転とめけん","Swirl to swap spike
らせんスワップスパイク","Lightning drop swap spike
稲妻おとしスワップけん"
5,2,"Swing spike,
Inward whirlwind
ふりけん～うらけんフリップ地球まわし","Big cup, Kenflip lighthouse, Downspike
大皿～けんフリップ灯台
～ダウンスパイク","Double juggle spike
ダブルジャグルとめけん","Swap airplane,
0.5 swap spike
スワップ飛行機～ ０．５回転スワップとめけん","Triple jumping stick
３回転はねけん","2 turn airplane, Double jumping stick
２回転飛行機
～２回転はねけん"
5,3,"Airplane, Whirlpool spike
飛行機～
うずしおとめけん","Juggle to spike
ジャグルとめけん","Around gunslinger
風車世界一周","Knee bounce
1 turn stuntplane
リフティング     １回転すくいけん","Around Denmark
デンマーク一周","Around Denmark
デンマーク一周"
5,4,"Around the USA
USA 一周","Swing spike, Double whirlwind
ふりけん～２回転   けんフリップ地球まわし","Mooncircle swap 1 turn airplane
円月殺法１回転飛行機","Swing spike, Double whirlwind
ふりけん～                  ２回転ワールウィンド","Base cup, Kenflip base cup, Kenflip lighthouse,
Tradespike
中皿～けんフリップ中皿
～けんフリップ灯台
～けん","Double whirlwind
ダブルワールウィンド"
5,5,"Slip-stop special, Spike
太陽極意～けん","1 turn airplane, Flip swap spike
１回転飛行機～   けんフリップとめけん","1 turn tap reverse
1.5 turn swap spike
１回転タップ
うら 1.5 回転とめけん","Juggle spike
ジャグルとめけん","Juggle kick big cup, Spike, Earth turn
ジャグルキック大皿
～けん～地球まわし","Tap juggle spike
タップジャグルとめけん"
5,6,"Lunar flip, In
月面とんぼ返り～さかおとし","Kenflip penguin base cup, Kenflip base cup, Spike
けんフリップペンギン中皿
～けんフリップ中皿～けん","Underbird, Axe, Falling in
アンダーバード～まさかり
～さかおとし","Swing spike,
Candle, Spike
ふりけん～ろうそく～ろうそく返し","Ghost lighthouse insta lighthouse flip,
Tradespike
ゴースト灯台インスタとんぼ返り～けん","Kenflip tap lighthouse,
Tradespike
けんフリップタップ灯台
～けん"
5,7,"Inward lunar,
Tradespike
うら月面着陸～けん","1 turn lunar, Lunar flip, Falling in
１回転月面着陸～月面とんぼ返り～さかおとし","Kenflip reverse kenflip lighthouse, Falling in
けんフリップうらけん     フリップ灯台～さかおとし","Base cup hanging stunplane fasthand
中皿つるしすくいけんファストハンド","Underbird, Nod off underbird, Falling in
アンダーバードこっくり
～さかおとし","Mooncircle fast swing spike
円月はやてふりけん"
5,8,"Penguin base cup, Double kenflip base cup, Spike
ペンギン中皿～２回転フリップ中皿～けん","Border balance, Lighthouse, Falling in
ボーダーバランス～灯台～さかおとし","Lunar barrel roll,
Falling in
月面バレルロール
～さかおとし","Scramble 1 turn lunar, 1 turn falling in
スクランブル１回転月面
～１回転さかおとし","Inward lunar flip,
Falling in
うら月面とんぼ返り
～さかおとし","Ghost lunar, Stuntplane fasthand
ゴースト月面～        すくいけんファストハンド"
5,9,"Big cup, Kenflip lighthouse, Falling in
大皿～けんフリップ灯台
～さかおとし","Mooncircle swing gunslinger spike
円月殺法風車ふりけん","Boarders balance,
Tradespike
ボーダーバランス～けん","Handlestall, Falling in
中皿極意～さかおとし","Swivel downspike fasthand, Swivel spike
スイベルダウンスパイクファストハンド
～スイベルけん","Stuntplane fast under the leg catch
(Both feet on the ground)
かぶせけん股下キャッチ
（両足を地面につけておく）"
5,10,"Downspike, Airplane in
ダウンスパイクさかおとし","Kenflip downspike
けんフリップダウンスパイク","2 turn swing UFO swap spike
２回転やまびこ返しスワップスパイク","Base cup, Flip base cup,
Flip downspike
中皿～フリップ中皿～ フリップダウンスパイク","Candle grip kenflip downspike
ろうそくけんフリップダウンスパイク","Kenflip downspike
けんフリップ ダウンスパイク"
6,1,"Airplane, Inward flip lighthouse, Inward flip falling in
飛行機～うら１回転灯立
～うら１回転さかおとし","1 turn lighthouse, Trade kenflip spike
１回転灯台～
けんフリップとめけん","1 turn airplane, 1.5 turn trade kenflip spike
１回転飛行機～ 1.5 回転けんフリップとめけん","Mooncircle fast downspike
円月はやて ダウンスパイク","Lightning drop flamingo swap spike
稲妻おとしフラミンゴ １回転とめけん","Lightning drop flamingo swap spike
稲妻おとしフラミンゴスワップけん"
6,2,"Downspike, Down earth
地獄ぐるま","2 turn airplane, Double J-stick
２回転飛行機～ ２回転はねけん","Double gunslinger spike, Double whirlslinger
２回転風車ふりけん～ ２回転風車地球回し","1 turn airplane,
0.5 turn arm bounce 1 turn falling in
１回転飛行機～ ０．５回転アームバウンス
１回転さかおとし","Lightning drop fast 1 turn airplane
稲妻はやて１回転飛行機","Double mooncircle double kenflip swap in
２回転円月２回転   けんフリップスワップイン"
6,3,"Turntable, Reverse turntable, Spike
ターンテーブル往復～けん",Around 1 turn lighthouse    １回転灯台一周,"Juggle bird, 1 turn spike
ジャグルうぐいす
～回転けん","Around juggle
ジャグル一周","Axe barrel roll, Falling in
まさかりバレルロール
～さかおとし","Around stall, 1 turn spike
ふち一周～回転けん"
6,4,"1-turn stilt, Flip in
１回転たけうま～ １回転さかおとし","Swing spike, Kenflip reverse kenflip spike
ふりけん～けんフリップ                    うらけんフリップ地球まわし","1 turn lighthouse, Double tap
1 turn falling in
１回転灯台～ダブルタップ １回転さかおとし","Gunslinger flip spike
風車フリップとめけん","Double kenflip double kenflip juggle spike
２回転けんフリップ ２回転けんフリップジャグルとめけん","Stuntplane, Stuntplane forward flip fasthand penguin
すくいけん～すくいけんフォーワードフリップ ファストハンドペンギン"
6,5,"Double super flamingo spacewalk
ダブルスーパー
フラミンゴ宇宙遊泳","1 turn tap reverse flip stuntplane
１回転タップうらフリップすくいけん","Kenflip handlestall,
Kenflip spike
けんフリップ中皿極意～けんフリップとめけん","1 turn lighthouse,
Kneebounce 1 turn lighthouse flip, Tradespike
１回転灯台～
リフティングうら１回転灯台とんぼ返り～けん","Airplane, 1.5 turn swap juggle spike
飛行機～１．５回転スワップジャグルとめけん","Bird, Juggle bird, 1 turn spike
うぐいす
～ジャグルうぐいす
～回転けん"
6,6,"Backcross spacewalk 1-turn lighthouse,
Tradespike
はやぶさ返し         １回転灯台～けん","2 turn tap in
２回転タップイン","Big wing, Small wing, 1 turn spike
大皿極意～小皿極意
～回転けん","Downspike fasthand,
Candle, Ghost in
ダウンスパイクファストハンド～はやてろうそく
～ゴーストさかおとし","2 turn tap lighthouse, 2 turn tap lighthouse, Tradespike
２回転タップ灯台～     ２回転タップ灯台～けん","Stilt tre flip, Tradespike
たけうまトレとんぼ返り
～けん"
6,7,"1-turn lighthouse, Inward flip stuntplane
１回転灯台～うら １回転すくいけん","Lunar rover 360,
Falling in
月面着陸～月面３６０～さかおとし","Double lighthouse flip, Inward double
lighthouse flip, Falling in
２回転灯台とんぼ返り～うら２回転灯台とんぼ返り
～さかおとし","Turntable pause,
Turntable, Spike
ターンテーブルポーズ～ターンテーブル～けん","Naughty bird over the valley, 1 turn spike
けん先極意谷渡り
～回転けん","1 turn tap lighthouse, Tap lighthouse,  Tap inward flip in
１回転タップ灯台
～タップ灯台～タップうら１回転さかおとし"
6,8,"Airplane, Flip swap spike
飛行機～
けんフリップとめけん","Mooncircle lighthouse,
Stuntplane
円月殺法灯台（無回転）
～すくいけん","Inward lunar, Flip cushion inward lunar,
Falling in
うら月面～１回転クッションうら月面～さかおとし","Lunar, flip juggle ghost lunar, 1 turn falling in
月面～１回転ジャグルゴースト月面～         １回転さかおとし","Bird, Gravity drop stilt, 1 turn falling in
うぐいす～グラビティドロップたけうま
～１回転さかおとし","Inward lunar, Gypsy flip, Falling in
うら月面～ジプシーフリップ～さかおとし"
6,9,"Inward kenflip lighthouse, Falling in
うらけんフリップ灯台～さかおとし","Base cup scooping goldfish penguin, Spike
中皿金魚すくいペンギン
～けん","Spacewalk 1 turn stuntplane fasthand
宇宙遊泳１回転かぶせけん","Stilt flip, Downspike
たけうまとんぼ返り～ダウンスパイク","Airplane,
1.5 turn knee bounce inward 1.5 turn falling in
飛行機～     １．５回転リフティング
うら１．５回転さかおとし","Bunny hop floor spike
バニーホップ フロアスパイク"
6,10,"2-turn lighthouse, Trade downspike
２回転灯台～ダウンスパイク","Kenflip base cup, Base cup flip,
Kenflip downspike
けんフリップ中皿～中皿フリップ～けんフリップ
ダウンスパイク","Downspike, Penguin bird, Downspike
ダウンスパイク
～ペンギンうぐいす
～ダウンスパイク","1.5 kenflip kenflip downspike
１．５けんフリップけんフリップ
ダウンスパイク","Gunslinger downspike penguin fasthand
風車ダウンスパイク ペンギンファストハンド","Double juggle downspike
ダブルジャグルダウンスパイク"
7,1,"Stuntplane, Inward stuntplane flip
すくいけん～
うら１回転すくいけん","2 turn lighthouse, Double tre flip lighthouse, Falling in
２回転灯台～２回転トレとんぼ返り～さかおとし","1-2-3 jumping stick
はねけん 1-2-3","2 turn swap double juggle spike
２回転スワップダブルジャグルとめけん","Spacewalk fast handroll flick flip spike
宇宙遊泳ファスト扇風機フリックフリップけん",Kenflip juggle kenflip juggle spikeマテオチャンス
7,2,"Swing spike, Double whirlwind
ふりけん～２回転けんフリップ地球まわし","Stuntplane, Double stuntplane flip
すくいけん～     ２回転すくいけん","Double gunslinger swap no turn lighthouse, Trade downspike
２回転風車無回転灯台～ダウンスパイク","Aiplane, 1.5 swap inward 1 turn falling in
飛行機～１．５スワップうら１回転さかおとし","Airplane,
1.5 turn swap juggle
1.5 kenflip swap in
飛行機～１．５回転スワップジャグル１．５回転けん
フリップスワップイン","Airplane, 1.5 swap ghost throw tap swap
1.5 kenflip swap in
飛行機～１．５回転スワップゴーストスロータップ  スワップ１．５回転
けんフリップスワップイン"
7,3,"Double turntable, Spike
２回転ターンテーブル～けん","Around candle stick (Kengrip)
ろうそく一周
（けんグリップ）","Kenflip Europe
けんフリップ ヨーロッパ一周","Base cup hanging swinger lighthouse,
Stuntplane
中皿つるし遠心力灯台～すくいけん","Axe, 2 turn lighthouse insta no turn axe,
Falling in
まさかり～２回転灯台 インスタ無回転まさかり
～さかおとし","1-2-3 lighthouse flip,
Falling in
灯台とんぼ返り１－２－３
～さかおとし"
7,4,"Around Denmark
デンマーク一周","Mooncircle fast kenflip lighthouse, Spike
円月はやてけんフリップ灯台～けん","Double turntable tap reverse turntable, Spike
２回転ターンテーブルタップ戻し～けん","2 turn lighthouse, Insta inward 2 turn tradespike
２回転灯台インスタうら２回転とめけん","Double tap swap double juggle spike
ダブルタップスワップ ダブルジャグルとめけん","2 turn swap inward double kenflip swap in
２回転スワップうら２回転けんフリップスワップイン"
7,5,"Mooncircle slip stop special, Spike
円月殺法太陽極意～けん","Kenflip juggle base cup, Kenflip penguin base cup,
Switch grip downspike
けんフリップジャグル中皿～けんフリップペンギン中皿～もちかえダウンスパイク","Double gunslinger penguin basecup,
1.5 kenflip spike
２回転風車ペンギン中皿
～ 1.5 回転けんフリップ
とめけん","Airplane, 1 turn swap kneebounce swap ghost falling in
飛行機～１回転スワップリフティングスワップゴーストさかおとし","Inward juggle ghost juggle juggle spike
うらジャグル ゴーストジャグルジャグルとめけん","Double tap double juggle spike
ダブルタップ
ダブルジャグルとめけん"
7,6,"Base cup, Flip lunar,
Flip in
中皿～１回転月面着陸
～１回転さかおとし","Underbird, Kenflip downspike
アンダーバード～      けんフリップダウンスパイク","Stilt, Trade handlestall, 1 turn spike
たけうま～中皿極意
～回転けん","2 turn kenflip swap tap in
２回転けんフリップスワップタップイン","Hanging inward 2 turn lighthouse,
Inward 2 turn falling in
つるしうら２回転灯台
～うら２回転さかおとし","Stilt, Base cup,
Ghost stilt, Flip in
たけうま～中皿～ゴーストたけうま～１回転さかおとし"
7,7,"Lightning drop swap spike
稲妻おとし１回転とめけん","Bird, Kenflip over valley,
Spike
うぐいす～けんフリップうぐいすの谷渡り～けん","Airplane,
1.5 turn trade bird, Trade 1.5 turn falling in
飛行機～ 1.5 回転うぐいす
～ 1.5 回転さかおとし","Airplane, 1 turn swap penguin bird,
1 turn penguin spike 飛行機～１回転スワップペンギンうぐいす～
１回転ペンギンけん","Candle handlestall,
Spike
ちょうちん
小田原提灯返し","Airplane, Dirty finger double flip juggle bird, 1 turn spike
飛行機～ダーティーフィンガー ２回転フリップジャグル                 うぐいす～回転けん"
7,8,"Swing spike, Juggle spike
ふりけん～
ジャグリングとめけん","1 turn stilt, Stilt over valley, In
１回転たけうま～たけうま渡り","Inward lunar, Axe, Inward lunar, Tradespike
うら月面～まさかり
～うら月面～けん","Inward lunar, Cushion lunar, Cushion inward lunar, Falling in
うら月面～クッション月面
～クッションうら月面
～さかおとし","Base cup, Ghost lunar, Falling in, Base cup, Ghost inward lunar, Falling in
中皿～ゴースト月面
～さかおとし～中皿～    ゴーストうら月面～さかおとし","1 turn lunar,
Arm bounce flip lunar,
Flip in
１回転月面～
アームバウンス１回転月面
～１回転さかおとし"
7,9,"Mooncircle mooncircle kenflip lighthouse,
Tradespike
胡蝶の舞けんフリップ灯台～けん","Swing UFO, Double UFO
やまびこ返し～ ２回転ＵＦＯ","Lighthouse, Trade bird, Trade no turn lighthouse, Trade over valley bird, 1 turn spike １回転灯台～うぐいす～
無回転灯台～
谷渡りうぐいす～回転けん","Axe, Tap axe, Falling in
まさかり～タップまさかり
～さかおとし","Mooncircle candle catch swap ghost falling in
円月ろうそくキャッチ         スワップゴーストさかおとし","Faster than gravity fasthand lighthouse,
Stuntplane
居合かぶせ灯台
～すくいけん"
7,10,"Backcross mooncircle downspike
はやぶさ円月殺法ダウンスパイク","Double juggle downspike
ダブルジャグルダウンスパイク","Lightening drop swap kenflip downspike
稲妻スワップけんフリップダウンスパイク","Airplane, 2 turn swap downspike fasthand
飛行機～２回転スワップダウンスパイク
ファストハンド","Stuntplane fasthand, Inward kenflip stuntplane fasthand
すくいけんファストハンド
～うら１回転けんフリップ
すくいけんファストハンド","Candle handlestall, Kenflip downspike
小田原ちょうちん
～けんフリップ
ダウンスパイク"
8,1,"3-turn airplane, Triple J-stick
３回転飛行機～ ３回転はねけん","1-2-3 lighthouse flip,
Falling in
灯台とんぼ返り１ｰ２ｰ３
～さかおとし","Lightening drop swap double kenflip spike
稲妻おとし２回転 けんフリップとめけん","Double kenflip -> juggle
-> double kenflip spike
２回転けんフリップ→ジャグル→２回転けんフリップとめけん","Double gunslinger flip spike, Double gunslinger flip spike
２回転風車けんフリップけん
～２回転風車けんフリップけん","Triple kenflip juggle triple kenflip spike
３回転けんフリップジャグル ３回転けんフリップけん"
8,2,"Swing spike, Double inward whirlwind
ふりけん～２回転うらけんフリップ地球まわし","Airplane, Double UFO swap spike
飛行機～２回転ＵＦＯスワップスパイク","Kenflip juggle kenflip juggle spike
けんフリップジャグルけんフリップジャグルとめけん","Triple UFO
飛行機～３回転ＵＦＯ","Airplane, Inward 1 turn swap penguin inward double kenflip swap in
飛行機～うら１回転スワップペンギンうら２回転けん
フリップスワップイン","Airplane, Inward 3 turn swap downspike fasthand, 3 turn swap downspike fasthand飛行機～うら３回転スワップ
ダウンスパイクファストハンド
～３回転スワップダウンスパイクファストハンド"
8,3,"Candlestick, Kenflip candlestick, Spike
ろうそく～けんフリップろうそく～ろうそく返し","Around 1 turn lunar
１回転月面一周","Tap juggle tap juggle tap juggle lighthouse,
Tradespike
タップジャグルタップジャグルタップ
ジャグル灯台～けん","Double kenflip juggle -> double arm bounce -> juggle spike
２回転けんフリップジャグル
→ダブルアームバウンス
→ジャグルとめけん","Juggle ghost stuntplane penguin fasthand
ジャグルゴーストすくいけんペンギンファストハンド","1-2-3 inward small cup bird flips,
Inward flip spikeうら小皿うぐいす 地球まわし１－２－３
～うら回転けん"
8,4,"Swing bird over the valley special
前ふりうぐいす～こっくり谷渡り","Tap swap kenflip insta-lighthouse flip insta-tradespike
タップスワップ
けんフリップインスタ灯台とんぼ返りインスタけん","Lightening drop swap juggle penguin spike
稲妻おとしジャグルペンギンとめけん","Triple gunslinger spike, Triple whirlslinger
３回転風車けん～    ３回転風車地球まわし","Gunslinger swap tap swap kenflip spike
風車スワップタップスワップけんフリップとめけん","Lightning drop swap kenflip downspike fasthand
稲妻おとしスワップけんフリップダウン
スパイクファストハンド"
8,5,"Handlestall, Bird over the Valley
中皿極意～うぐいすの谷渡り","Wingwalker flip, Spike
大皿極意～大皿極意地球まわし～けん","Gunslinger reverse kenflip bird, 1 turn spike
風車うらけんフリップうぐいす～回転けん","Double inward juggle spike
ダブルうらジャグルとめけん","Tap tap 1 turn tap lighthouse, Tradespike
タップタップ１回転タップ灯台～けん","Tap juggle inward tap juggle double tap juggle spike
タップジャグルうらタップジャグルダブルタップ     ジャグルとめけん"
8,6,"2-turn lunar, Trade downspike
２回転月面着陸～ダウンスパイク","Stilt tre flip, In
たけうま～たけうまトレとんぼ返り～さかおとし","Bird, Knee bounce bird,
Knee bounce spike
うぐいす～
リフティングうぐいす～リフティングけん","Penguin spike, Swich glip 1.5 juggle penguin spike
ペンギンけん～ スイッチグリップ
１．５ジャグルペンギンけん","Hanging cushion inward stilt, Downspike fasthand
つるしクッションうら     たけうま～ダウンスパイク
ファストハンド","Stilt over the valley, Bird over the valley, 1 turn spike
たけうま渡り
～うぐいすの谷渡り
～回転けん"
8,7,"3-turn swap spike
３回転とめけん","Triple turntable, Spike
３回転ターンテーブル
～けん","Bird gunslinger,
1.5 turn falling in
うぐいすガンマン
～ 1.5 回転さかおとし","Lunar, Bird,
Kenflip lunar, Tradespike
月面～うぐいす～   けんフリップ月面～けん","Swap tap swap underbird, Spike
スワップタップスワップアンダーバード～けん","Airplane, Candle double inward kenflip inward lunar, Falling in
飛行機～ろうそく２回転うらけんフリップ
うら月面～さかおとし"
8,8,"Airplane, Juggle spike
飛行機～
ジャグリングとめけん","Border balance, Border balance flip, In
ボーダーバランス～ボーダーバランスとんぼ返り～イン","Stilt, Nod off lunar, Over valley stilt,
1.5 turn tradespike
たけうまこっくり月面～谷渡りたけうま～
1.5 回転とめけん","Hanging 2 turn inward lunar, Tradespike
つるし２回転うら月面～けん","Inward lunar, 1 turn cushion tap inward
1 turn lunar, Falling in
うら月面～１回転クッションタップうら１回転月面
～さかおとし","Inward lunar, 1.5 flip spike tap 1.5 flip inward lunar, Falling in
うら月面～１．５回転けん先タップ１．５回転うら月面
～さかおとし"
8,9,"Lighthouse, Juggle lighthouse, Falling in
灯台～ジャグリング灯台
～さかおとし","Stuntplane backhand throw switch pressure UFO
すくいけんバックハンドスロースイッチプレッシャーＵＦＯ","Stilt, Swing stilt,
Tradespike
たけうま～たけうま
～けん","1 turn axe, Axe over the valley,
Falling
１回転まさかり～谷渡り～さかおとし","Base cup hanging swinger back throw downspike
中皿つるし遠心力                       バックスローダウンスパイク","Juggle pinky spike, Juggle arm bounce spike
ジャグル小指姫～ジャグルアームバウンススパイク"
8,10,"Hanging inward flip downspike
つるし１回転ダウンスパイク","Scramble tama mooncircle 1 turn lunar, Trade bird, Downspikeスクランブル玉円月殺法
１回転月面着陸～うぐいす
～ダウンスパイク","Triple tap juggle downspike
トリプルタップジャグルダウンスパイク","Airplane, 1.5 swap juggle downspike fasthand
飛行機～１．５スワップ  ジャグルダウンスパイク
ファストハンド","Double gunslinger downspike, Double gunslinger down earth
２回転風車ダウンスパイク
～２回転風車地獄ぐるま","Swing spike, 1.5 kenflip gunslinger downspike
ふりけん～１．５回転けん           フリップ風車ダウンスパイク"
9,1,"Airplane, Juggle 1-turn airplane
飛行機～フリップジャグリング１回転飛行機","1-2-3 inward J-stick
うらはねけん１ｰ２ｰ３","Stilt, Double juggle bird, 1 turn spike
たけうま～ダブルジャグルうぐいす～回転けん","Mooncirle fast gunslinger spike
円月はやて風車とめけん","Gunslinger kenflip gunslinger spike
風車けんフリップ風車けん","Kenflip-flip juggle kenflip-flip spike
けんフリップフリップジャグルけんフリップフリップけん"
9,2,"Swing spike, Triple whirlwind
ふりけん～３回転けんフリップ地球まわし","1 turn lighthouse, Lighthouse super flamingo,
Inward falling in
１回転灯台～灯台スーパーフラミンゴ～うらさかおとし","Double gunslinger kenflip lighthouse, Trade double gunslinger spike
２回転風車けんフリップ灯台～２回転風車けん","Lightning drop, Triple tap falling in
稲妻おとし～   タップタップタップ
さかおとし","1-2-3 penguin jumping stick
ペンギンはねけん１－２－３","Lightning drop fast swap kenflip 1.5 kenflip in
稲妻はやてスワップけんフリップ１．５回転けんフリップイン"
9,3,"Swing spike, Kenflip- flip spike
ふりけん～けんフリップフリップ地球まわし","Around wingwalker
大皿極意一周","Big cup, Big bird, Small cup, Small bird, Base cup,
Handlestall, Trade UFO大皿～大皿うぐいす～ 小皿～うぐいす～中皿～
中皿極意～ＵＦＯ","1 turn boarders balance, Juggle spike
１回転ボーダーバランス
～ジャグルとめけん","Handlestall, Double earth turn handlestall, Inward double earth turn handlestall, 1 turn spike中皿極意～２回転中皿極意
地球まわし～うら２回転中皿
極意地球まわし～回転けん","Lighthouse,
1-2-3 flip tap lighthouse,
Tradespike
灯台～フリップタップ灯台１－２－３～けん"
9,4,"Around the Galaxy
銀河系一周","Lunar, Inward flip insta- lighthouse flip lunar, Flip in
月面着陸～うらフリップインスタ灯台フリップ月面着陸～ １回転さかおとし","1-2-3 stuntplane flip
すくいけんフリップ 1-2-3","Double gunslinger bird, Double gunslinger over the valley,
Double gunslinger spike ２回転風車うぐいす～２回転風車谷渡り～２回転風車けん","Airplane, Tap swap kenflip swap tap in
飛行機～タップスワップけんフリップスワップ タップイン","Pull up tap stuntplane fasthand, Tap stuntplane fasthand
プルアップタップすくいけんファストハンド～タップ      すくいけんファストハンド"
9,5,"Swing bird, Rotate bird,
Spike
前ふり小皿うぐいす遠心力～けん","Bird, Double kenflip bird, Spike
うぐいす～２回転けん フリップうぐいす～けん","Mooncircle fast handlestall, 1 turn spike
円月はやて中皿極意
～回転けん","Handlestall, Juggle handlestall,
Falling in
中皿極意～
ジャグル中皿極意～さかおとし","Candle, Triple kenflip juggle candle, Spike
ろうそく～３回転けんフリップジャグル
ろうそく～ろうそく返し","Inward lunar,
Flip swap kenflip inward kenflip to inward lunar, 1 turn tradespike
うら月面～フリップスワップ  けんフリップうらけんフリップうら月面～１回転けん"
9,6,"Swing spike, Double UFO whirlwind spike
ふりけん～横２回転けんフリップ地球まわし","3 turn lighthouse, Double kenflip spike
３回転灯台～
２回転けんフリップとめけん","Bird, Around clock, 1 turn penguin spike
うぐいす～アラウンドクロック
～回転ペンギンけん","Lunar, Inward 1 turn lighthouse insta double lighthouse flip insta  1 turn lunar, 1 turn falling in
月面～うら１回転灯台インスタ灯台２回転とんぼ返りイン
スタ１回転月面～１回転さか","Stilt, Stilt back flip, Stilt over the valley, Inward stilt back flip, Tradespike
たけうま～たけうまバックフリップ～たけうま渡り～
うらたけうまバックフリップ～けん","Stilt, Knee bounce half back flip stilt,
Downspike fasthand
たけうま～リフティングハーフバックフリップたけうま～ ダウンスパイクファストハンド"
9,7,"Lightning drop swap bird, Spike
稲妻おとし１回転うぐいす～けん","Double kenflip-flip kenflip lighthouse, Tradespike
２回転けんフリップフリップけんフリップ灯台～けん","2 turn swap double kenflip lighthouse insta trade bird, 1 turn spike
２回転スワップ２回転    けんフリップ灯台インスタ
うぐいす～回転けん","Underbird turntable, Reverse underbird turntable, Spike
アンダーバード
ターンテーブル往復～けん","Kenflip juggle kenflip juggle bird, 1 turn spike
けんフリップジャグルけんフリップジャグルうぐいす～回転けん","2 turn tap lighthouse insta double flip swap underbird, Spike
２回転タップ灯台インスタ ２回転フリップスワップアンダーバード～けん"
9,8,"Lighthouse, Trade double kenflip spike
灯台～２回転けんフリップとめけん","Swap lunar,
Tap lunar, Tap in
スワップ月面着陸～タップ月面着陸～タップさかおとし","Inward lunar, Tap tap cushion inward lunar,
Falling in
うら月面～タップタップクッションうら月面
～さかおとし","Lunar, Triple flip juggle ghost lunar,
1 turn falling in
月面～３回転ジャグルゴースト月面～         １回転さかおとし","Swivel ghost tap 1 turn inward lunar, Tap 1 turn in
スイベルゴーストタップ １回転うら月面
～タップ１回転さかおとし","Inward lunar, Double back flip inward lunar, 1 turn tradespike
うら月面～２回転   バックフリップうら月面
～１回転けん"
9,9,"2-turn penguin lighthouse, Flip lighthouse, Falling in
２回転ペンギン灯台～とんぼ返り～さかおとし","Gunslinger penguin underbird, Spike
風車ペンギンアンダーバード～けん","Inward lunar, Inward flip juggle reverse kenflip inward lunar, Falling in
うら月面～うらフリップジャグルうらけんフリッ
プうら月面～さかおとし","Stilt, Flip cushion stilt, 1 turn falling in
たけうま～
１回転クッションたけうま
～１回転さかおとし","Kenflip-flip-flip -> kneebounce swap in
けんフリップフリップ フリップ→リフティングさかおとし","Bird, Bird super flamingo, 1 turn spike
うぐいす～うぐいすスーパーフラミンゴ
～回転けん"
9,10,"Downspike, Down whirlwind
ダウンスパイク～
けんフリップダウンスパイク","Lightning drop swap knee bounce downspike
稲妻おとしスワップ             リフティングダウンスパイク","Double stilt flip, Double flip swap downspike
２回転たけうまとんぼ返り～ ２回転フリップダウンスパイ
ク","Double tap swap downspike, Double tap swap downspike
タップタップスワップダウンスパイク～タップタップ
スワップダウンスパイク","Downspike, Lighthouse insta triple flip juggle downspike fasthand
ダウンスパイク～灯台インスタ３回転フリップジャグル
ダウンスパイクファストハンド","Triple tap swap downspike fasthand
トリプルタップスワップダウンスパイク
ファストハンド"
10,1,"Triple spacewalk tap 3-turn airplane
神風～
タップ３回転飛行機","1-2-3 lunar flip,
Falling in
月面とんぼ返り１ｰ２ｰ３
～さかおとし","Mooncircle fast 1-2-3 kenflip juggle spike
円月はやてけんフリップジャグル 1-2-3 とめけん","Kenflip juggle double kenflip juggle kenflip spike
けんフリップジャグル  ダブルけんフリップジャグルけんフリップとめけん","Swing spike, Triple gunslinger kenflip lighthouse insta 3 turn swap spike
ふりけん～３回転風車けんフリップ灯台インスタ   ３回転スワップけん","10 juggle spike
１０ジャグルとめけん"
10,2,"Inward kenflip mooncircle kenflip spike
うらけんフリップけんフリップ円月殺法","Stuntplane, Double flip bird, Spike
すくいけん～２回転けんフリップうぐいす～けん","Double gunslinger juggle double gunslinger spike
２回転風車ジャグル ２回転風車とめけん","Airplane, 1.5 swap gunslinger swap 1 turn falling in
飛行機～１．５スワップ風車スワップ１回転さかおとし","Airplane, Forward tap 3 turn swap juggle
1.5 kenflip swap in
飛行機～フォワードタップ ３回転スワップジャグル １．５回転けんフリップ        スワップイン","Airplane, 5 tap flip in
飛行機～                      ５タップフリップイン"
10,3,"Triple turntable, Spike
３回転ターンテーブル～けん","Triple spacewalk 3 turn airplane, Triple J-stick
神風３回転飛行機～ ３回転はねけん","Basecup, Flip swap tap swap kenflip lighthouse insta tap lighthouse, Tradespike
中皿～フリップタップけんフリップインスタ灯台
インスタタップ灯台～けん","Inward lunar, Flip toss tap 1 turn inward lunar,
Falling in
うら月面～１回転トス タップ１回転うら月面～さかおとし","Handlestall, Triple gunslinger handlestall, 1 turn spike
中皿極意～３回転風車中皿極意～回転けん","Around 1-2-3 jumping stick
はねけん１－２－３一周"
10,4,"Bird, Juggle bird, Spike
うぐいす～ジャグリングうぐいす～けん","1 turn lighthouse, tap-tap-tap lighthouse,
Falling in
１回転灯台～タップタップタップ灯台～さかおとし","Triple underbird turntable, Spike
３回転アンダーバードターンテーブル～けん","Airplane, 3 turn juggle ghost penguin falling in
飛行機～３回転ジャグルゴーストペンギン
さかおとし","Lightning drop fast 2 turn lighthouse insta 2 turn flip swap spike
稲妻はやて２回転灯台インスタ２回転フリップ
スワップけん","Triple tap -> juggle kenflip x 3 -> spike
トリプルタップ
→ジャグルけんフリップ３回
→けん"
10,5,"Swing bird, 2-turn gunslinger over the valley, Spike
前ふりうぐいす～２回転風車谷渡り～けん","Stilt, Stilt over valley, Swap bird over valley,
Spike
たけうま渡り～
うぐいすの谷渡り～けん","Triple mooncircle fast kenflip lighthouse, Inward triple flip swap downspike
３回転円月はやてけんフリップ灯台～うら３回転
フリップダウンスパイク","Tap juggle tap juggle insta double lighthouse flip, 2 turn tradespike
タップジャグルタップ     ジャグル灯台インスタ２回転とんぼ返り～２回転とめけん","2 turn lighthouse insta inward double lighthouse flip, 2 turn swap inward double kenflip spike
２回転灯台インスタうら２回転灯台とんぼ返り～２回転スワップうら２回転ジャグルとめけん","Triple gunslinger juggle triple gunslinger spike
３回転風車ジャグル ３回転風車けん"
10,6,"Stilt, Inward flip stilt over the valley, Stilt over the valley, In たけうま～うら１回転
たけうま谷渡り～たけう
ま谷渡り～さかおとし","2 turn gunslinger kenflip spike
２回転風車けんフリップとめけん","Wing nod off wing, Wing over valley nod off wing, 1 turn spike
大皿極意こっくり～小皿極意こっくり～回転けん","Airplane, Tap 1.5 inward flip tap 1.5 flip swap juggle spike
飛行機～タップ１．５うらフリップタップ１．５フリップスワップジャグルとめけん","Downspike fasthand, No turn stilt, Tap backward inward stilt, Tap backward stilt,
Downspike fasthand
ダウンスパイクファストハンド～無回転たけうま～タップバックワードうら    たけうま～タップバックワードたけうま
～ダウンスパイクファストハンド","Stilt flip, Stilt barrel roll,
Stilt tre flip, Flip in たけうまとんぼ返り～ たけうまバレルロール～たけうまトレとんぼ返り
～１回転さかおとし"
10,7,"Lighthouse, Trade triple kenflip spike
灯台～３回転けんフリップとめけん","Two & half turntable pause, Downspike
２回転半ターンテーブルポーズ～ダウンスパイク","Lighthouse, Quint tap lighthouse, Falling in
灯台～５タップ灯台
～さかおとし","Inward lunar, Lunar, Backward inward lunar, Backward lunar,
1 turn falling in
うら月面～月面～バックワードうら月面～バックワード月面
～１回転さかおとし","Inward lunar, Lighthouse insta lighthouse flip insta inward lighthouse flip insta backward inward lunar, Falling in
うら月面～灯台インスタ灯台    とんぼ返りインスタうら灯台     とんぼ返りインスタバックワードうら月面～さかおとし","1 turn tap lighthouse insta inward flip swap tap lighthouse insta inward flip swap spike
１回転タップ灯台インスタうらフリップスワップタップ灯台           インスタうらフリップスワップけん"
10,8,"Mooncircle juggle kenflip spike
円月殺法ジャグリングけんフリップとめけん","Lightning drop double kenflip lighthouse,
2 turn trade spike
稲妻おとしジャグル２回転灯台～２回転とめけん","Inward lunar, 1 turn tap 1 turn inward lunar insta 1 turn tap 1 turn inward lunar, Falling in
うら月面～１回転タップ１回転うら月面インスタ１回転タップ
１回転うら月面～さかおとし","Lightning drop fast
1 turn lunar, Stuntplane
稲妻はやて１回転月面～すくいけん","Inward lunar, 1 turn cushion swap kenflip cushion inward lunar, 1 turn tap in
うら月面～１回転クッションスワップけんフリップ
クッションうら月面
～１回転タップさかおとし","Inward lunar, Double spike tap cushion inward lunar,
Spike tap in
うら月面～ダブルけん先タップクッションうら月面～けん先タップイン"
10,9,"Inward 2-turn lunar, Inward double flip lunar, In
うら２回転月面着陸～うら２回転月面とんぼ
返り～さかおとし","Mooncircle handlestall,
Swap UFO
円月殺法中皿極意～ＵＦＯ","Lunar, Juggle double kenflip juggle kenflip lunar, Falling in
月面～ジャグル２回転     フリップジャグルフリップ
月面～さかおとし","Stilt, Candle grip underbird, Kenflip stilt,
Downspike
たけうま～ろうそくグリップアンダーバード～けんフリップたけうま～ダウンスパイク","Penguin airplane,
1.5 turn swap penguin lighthouse insta
penguin tradespike
ペンギン飛行機～ １．５回転スワップペンギン灯台インスタペンギンけん","Triple spacewalk tap 3 turn in
神風～タップ３回転イン"
10,10,"Lightning drop swap handlestall, Spike
稲妻おとし１回転中皿極意～けん","Downspike, Triple down whirlwind
ダウンスパイク～３回転けんフリップダウンスパイク","Triple tap juggle triple tap juggle downspike
トリプルタップジャグルトリプルタップジャグル
ダウンスパイク","Downspike, Swap 1 turn lighthouse insta juggle kenflip juggle downspike
ダウンスパイク～１回転灯台インスタジャグルけんフリップ
ジャグルダウンスパイク","Underbird, Gunslinger reverse gunslinger bird,
Downspike fasthand
アンダーバード～ 風車逆風車うぐいす～
ダウンスパイクファストハンド","Triple inward gunslinger handlestall, Downspike
うら３回転風車中皿極意
～ダウンスパイク"
